<?xml version="1.0" encoding="UTF-8"?>
<project-private xmlns="http://www.netbeans.org/ns/project-private/1">
    <editor-bookmarks xmlns="http://www.netbeans.org/ns/editor-bookmarks/2" lastBookmarkId="0"/>
    <open-files xmlns="http://www.netbeans.org/ns/projectui-open-files/2">
        <group>
            <file>file:/E:/Academic/2-1st%20semester/RAD/Project/Asini/Asini/src/SMS/CourseDelete.java</file>
            <file>file:/E:/Academic/2-1st%20semester/RAD/Project/Asini/Asini/src/SMS/CourseView.java</file>
            <file>file:/E:/Academic/2-1st%20semester/RAD/Project/Asini/Asini/src/SMS/TeacherView.java</file>
            <file>file:/E:/Academic/2-1st%20semester/RAD/Project/Asini/Asini/src/SMS/TeacherUpdate.java</file>
            <file>file:/E:/Academic/2-1st%20semester/RAD/Project/Asini/Asini/src/SMS/TeacherDelete.java</file>
            <file>file:/E:/Academic/2-1st%20semester/RAD/Project/Asini/Asini/src/SMS/Dashboard.java</file>
            <file>file:/E:/Academic/2-1st%20semester/RAD/Project/Asini/Asini/src/SMS/TeacherAdd.java</file>
        </group>
    </open-files>
</project-private>
